{
    "loss": 4.216998100280762,
    "accuracy": 0.4313725531101227
}