{
    "loss": 0.0704374760389328,
    "accuracy": 0.9901960492134094
}